Player,Team,G,MPG,Min,Percent Playing Time
Jeff Teague,atl,78,32,2496,0.63
Dennis Schroeder,atl,77,23,1771,0.45
Shelvin Mack,atl,60,8,480,0.12
Kyle Korver,atl,73,30,2190,0.55
Tim Hardaway Jr.,atl,78,20,1560,0.39
Justin Holiday,atl,75,11,825,0.21
Thabo Sefolosha,atl,65,20,1300,0.33
Kent Bazemore,atl,78,16,1248,0.32
Paul Millsap,atl,74,33,2442,0.62
Mike Scott,atl,78,16,1248,0.32
Al Horford,atl,73,30,2190,0.55
Tiago Splitter,atl,60,20,1200,0.30
Mike Muscala,atl,78,6,468,0.12
Walter Tavares,atl,78,5,390,0.10
Terran Petteway,atl,78,0,0,0.00
Lamar Patterson,atl,78,0,0,0.00
Marcus Eriksson,atl,78,0,0,0.00
Earl Barron,atl,78,0,0,0.00
DeQuan Jones,atl,78,0,0,0.00
Jarrett Jack,bkn,78,30,2340,0.59
Shane Larkin,bkn,78,22,1716,0.43
Ryan Boatright,bkn,60,7,420,0.11
Joe Johnson,bkn,78,34,2652,0.67
Bojan Bogdanovic,bkn,78,24,1872,0.47
Wayne Ellington,bkn,78,15,1170,0.30
Markel Brown,bkn,65,10,650,0.16
Sergey Karasev,bkn,65,8,520,0.13
Rondae Hollis-Jefferson,bkn,78,20,1560,0.39
Thaddeus Young,bkn,78,32,2496,0.63
Thomas Robinson,bkn,78,15,1170,0.30
Brook Lopez,bkn,67,32,2144,0.54
Andrea Bargnani,bkn,50,15,750,0.19
Willie Reed,bkn,65,5,325,0.08
Chris McCullough,bkn,78,0,0,0.00
Dahntay Jones,bkn,78,0,0,0.00
Donald Sloan,bkn,78,0,0,0.00
Quincy Miller,bkn,78,0,0,0.00
Xavier Thames,bkn,78,0,0,0.00
Justin Harper,bkn,78,0,0,0.00
Chris Daniels,bkn,78,0,0,0.00
Marcus Smart,bos,78,32,2496,0.63
Isaiah Thomas,bos,77,26,2002,0.51
Avery Bradley,bos,73,32,2336,0.59
R.J. Hunter,bos,78,5,390,0.10
Evan Turner,bos,78,24,1872,0.47
Jae Crowder,bos,78,25,1950,0.49
Amir Johnson,bos,78,24,1872,0.47
David Lee,bos,76,17,1292,0.33
Kelly Olynyk,bos,76,18,1368,0.35
Jared Sullinger,bos,71,12,852,0.22
Jonas Jerebko,bos,78,8,624,0.16
Tyler Zeller,bos,78,18,1404,0.35
Terry Rozier,bos,78,5,390,0.10
James Young,bos,78,5,390,0.10
Jordan Mickey,bos,78,3,234,0.06
Perry Jones,bos,77,3,231,0.06
Levi Randolph,bos,78,0,0,0.00
Corey Walden,bos,78,0,0,0.00
Malcolm Miller,bos,78,0,0,0.00
Zoran Dragic,bos,78,0,0,0.00
Kemba Walker,cha,77,32,2464,0.62
Nicolas Batum,cha,77,34,2618,0.66
Al Jefferson,cha,77,30,2310,0.58
Cody Zeller,cha,77,22,1694,0.43
Jeremy Lin,cha,77,26,2002,0.51
Marvin Williams,cha,77,21,1617,0.41
Frank Kaminsky,cha,78,20,1560,0.39
Jeremy Lamb,cha,78,20,1560,0.39
Spencer Hawes,cha,78,12,936,0.24
Tyler Hansbrough,cha,78,12,936,0.24
P.J. Hairston,cha,78,12,936,0.24
Brian Roberts,cha,78,10,780,0.20
Troy Daniels,cha,78,5,390,0.10
Michael Kidd-Gilchrist,cha,0,30,0,0.00
Aaron Harrison,cha,78,0,0,0.00
Elliot Williams,cha,67,0,0,0.00
Sam Thompson,cha,78,0,0,0.00
Jimmy Butler,chi,76,36,2736,0.69
Pau Gasol,chi,72,30,2160,0.55
Joakim Noah,chi,76,27,2052,0.52
Taj Gibson,chi,76,24,1824,0.46
Nikola Mirotic,chi,78,22,1716,0.43
Aaron Brooks,chi,78,22,1716,0.43
Mike Dunleavy Jr.,chi,63,27,1701,0.43
Tony Snell,chi,78,20,1560,0.39
Derrick Rose,chi,50,30,1500,0.38
Kirk Hinrich,chi,75,18,1350,0.34
Doug McDermott,chi,77,10,770,0.19
E'Twaun Moore,chi,78,5,390,0.10
Bobby Portis,chi,78,3,234,0.06
Cameron Bairstow,chi,78,0,0,0.00
Marcus Simmons,chi,78,0,0,0.00
Jordan Crawford,chi,78,0,0,0.00
Stefhon Hannah,chi,78,0,0,0.00
LeBron James,cle,77,35,2695,0.68
Kevin Love,cle,69,33,2277,0.58
J.R. Smith,cle,78,27,2106,0.53
Timofey Mozgov,cle,78,25,1950,0.49
Tristan Thompson,cle,78,25,1950,0.49
Kyrie Irving,cle,61,30,1830,0.46
Maurice Williams,cle,75,24,1800,0.45
Iman Shumpert,cle,45,25,1125,0.28
Richard Jefferson,cle,78,11,858,0.22
Matthew Dellavedova,cle,78,10,780,0.20
James Jones,cle,78,10,780,0.20
Anderson Varejao,cle,51,15,765,0.19
Sasha Kaun,cle,78,5,390,0.10
Joe Harris,cle,78,5,390,0.10
Quinn Cook,cle,78,0,0,0.00
Jared Cunningham,cle,78,0,0,0.00
Cedi Osman,cle,78,0,0,0.00
Sir'Dominic Pointer,cle,78,0,0,0.00
Chris Johnson,cle,78,0,0,0.00
D.J. Stephens,cle,78,0,0,0.00
Nick Minnerath,cle,78,0,0,0.00
Deron Williams,dal,76,28,2128,0.54
Dirk Nowitzki,dal,76,28,2128,0.54
Chandler Parsons,dal,72,28,2016,0.51
Devin Harris,dal,71,25,1775,0.45
Justin Anderson,dal,78,22,1716,0.43
Jose Juan Barea,dal,78,20,1560,0.39
Samuel Dalembert,dal,78,20,1560,0.39
Wesley Matthews,dal,62,25,1550,0.39
Zaza Pachulia,dal,71,20,1420,0.36
John Jenkins,dal,73,12,876,0.22
Dwight Powell,dal,78,10,780,0.20
Charlie Villanueva,dal,78,7,546,0.14
Javale McGee,dal,58,8,464,0.12
Salah Mejri,dal,78,5,390,0.10
Maurice Ndour,dal,78,5,390,0.10
Jeremy Evans,dal,77,5,385,0.10
Raymond Felton,dal,73,0,0,0.00
Brandon Ashley,dal,78,0,0,0.00
Jarrid Famous,dal,78,0,0,0.00
Jamil Wilson,dal,78,0,0,0.00
Petteri Koponen,dal,78,0,0,0.00
Kenneth Faried,den,78,28,2184,0.55
Emmanuel Mudiay,den,76,28,2128,0.54
Wilson Chandler,den,72,28,2016,0.51
Danilo Gallinari,den,56,30,1680,0.42
Will Barton,den,78,20,1560,0.39
Randy Foye,den,76,20,1520,0.38
Jusuf Nurkic,den,68,22,1496,0.38
Jameer Nelson,den,73,20,1460,0.37
Darrell Arthur,den,76,16,1216,0.31
Gary Harris,den,78,15,1170,0.30
Joffrey Lauvergne,den,78,15,1170,0.30
J.J. Hickson,den,78,12,936,0.24
Nikola Jokic,den,78,10,780,0.20
Nick Johnson,den,78,5,390,0.10
Erick Green,den,78,0,0,0.00
Nikola Radicevic,den,78,0,0,0.00
Matt Janning,den,78,0,0,0.00
Reggie Jackson,det,78,32,2496,0.63
Andre Drummond,det,77,32,2464,0.62
Kentavious Caldwell-Pope,det,78,28,2184,0.55
Marcus Morris,det,78,24,1872,0.47
Ersan Ilyasova,det,74,24,1776,0.45
Stanley Johnson,det,78,20,1560,0.39
Jodie Meeks,det,77,20,1540,0.39
Anthony Tolliver,det,78,15,1170,0.30
Aron Baynes,det,78,15,1170,0.30
Brandon Jennings,det,61,18,1098,0.28
Steve Blake,det,71,10,710,0.18
Spencer Dinwiddie,det,78,7,546,0.14
Darrun Hilliard,det,78,5,390,0.10
Reggie Bullock,det,77,5,385,0.10
Joel Anthony,det,78,4,312,0.08
Cartier Martin,det,76,0,0,0.00
Danny Granger,det,54,0,0,0.00
Adonis Thomas,det,78,0,0,0.00
Jordan Bachynski,det,78,0,0,0.00
Stephen Curry,gsw,78,33,2574,0.65
Draymond Green,gsw,78,32,2496,0.63
Klay Thompson,gsw,78,32,2496,0.63
Harrison Barnes,gsw,78,28,2184,0.55
Andre Iguodala,gsw,77,28,2156,0.54
Shaun Livingston,gsw,78,20,1560,0.39
Andrew Bogut,gsw,69,20,1380,0.35
Leandro Barbosa,gsw,71,17,1207,0.30
Festus Ezeli,gsw,62,18,1116,0.28
Marreese Speights,gsw,78,12,936,0.24
Jason Thompson,gsw,78,8,624,0.16
James Michael McAdoo,gsw,78,8,624,0.16
Brandon Rush,gsw,63,5,315,0.08
Jarell Eddie,gsw,78,0,0,0.00
Ian Clark,gsw,78,0,0,0.00
Kevon Looney,gsw,35,0,0,0.00
Chris Babb,gsw,78,0,0,0.00
Juwan Staten,gsw,78,0,0,0.00
Tony Mitchell,gsw,78,0,0,0.00
James Harden,hou,78,36,2808,0.71
Trevor Ariza,hou,76,32,2432,0.61
Ty Lawson,hou,76,30,2280,0.58
Dwight Howard,hou,72,30,2160,0.55
Donatas Motiejunas,hou,78,26,2028,0.51
Terrence Jones,hou,74,26,1924,0.49
Patrick Beverley,hou,74,24,1776,0.45
Corey Brewer,hou,78,20,1560,0.39
Clint Capela,hou,78,15,1170,0.30
Jason Terry,hou,77,9,693,0.18
Marcus Thornton,hou,77,5,385,0.10
Sam Dekker,hou,78,3,234,0.06
K.J. McDaniels,hou,78,3,234,0.06
Montrezl Harrell,hou,78,0,0,0.00
Jeremy Tyler,hou,78,0,0,0.00
Denzel Livingston,hou,78,0,0,0.00
Joshua Smith,hou,78,0,0,0.00
Will Cummings,hou,78,0,0,0.00
Chris Walker,hou,78,0,0,0.00
Monta Ellis,ind,78,34,2652,0.67
Paul George,ind,68,36,2448,0.62
George Hill,ind,74,30,2220,0.56
C.J. Miles,ind,73,25,1825,0.46
Jordan Hill,ind,72,24,1728,0.44
Rodney Stuckey,ind,77,21,1617,0.41
Myles Turner,ind,78,20,1560,0.39
Lavoy Allen,ind,78,20,1560,0.39
Ian Mahinmi,ind,77,20,1540,0.39
Chase Budinger,ind,62,15,930,0.23
Joseph Young,ind,78,5,390,0.10
Glenn Robinson III,ind,78,5,390,0.10
Solomon Hill,ind,78,5,390,0.10
Rakeem Christmas,ind,78,3,234,0.06
Shayne Whittington,ind,78,3,234,0.06
Toney Douglas,ind,77,0,0,0.00
C.J. Fair,ind,78,0,0,0.00
DeAndre Jordan,lac,78,35,2730,0.69
Blake Griffin,lac,77,35,2695,0.68
Chris Paul,lac,76,35,2660,0.67
J.J. Redick,lac,73,28,2044,0.52
Paul Pierce,lac,78,20,1560,0.39
Josh Smith,lac,78,20,1560,0.39
Lance Stephenson,lac,77,20,1540,0.39
Jamal Crawford,lac,76,20,1520,0.38
Austin Rivers,lac,77,15,1155,0.29
Wesley Johnson,lac,78,14,1092,0.28
Pablo Prigioni,lac,77,10,770,0.19
Cole Aldrich,lac,78,5,390,0.10
Luc Richard Mbah a Moute,lac,76,0,0,0.00
Chuck Hayes,lac,78,0,0,0.00
Branden Dawson,lac,78,0,0,0.00
C.J. Wilcox,lac,78,0,0,0.00
Jordan Clarkson,lal,78,32,2496,0.63
D'Angelo Russell,lal,78,28,2184,0.55
Louis Williams,lal,72,28,2016,0.51
Roy Hibbert,lal,78,25,1950,0.49
Brandon Bass,lal,78,25,1950,0.49
Julius Randle,lal,68,25,1700,0.43
Kobe Bryant,lal,53,32,1696,0.43
Nick Young,lal,71,20,1420,0.36
Tarik Black,lal,78,15,1170,0.30
Anthony Brown,lal,77,12,924,0.23
Jabari Brown,lal,78,10,780,0.20
Robert Sacre,lal,78,8,624,0.16
Larry Nance Jr.,lal,78,5,390,0.10
Ryan Kelly,lal,77,5,385,0.10
Marcelinho Huertas,lal,78,0,0,0.00
Jonathan Holmes,lal,78,0,0,0.00
Michael Frazier,lal,78,0,0,0.00
Robert Upshaw,lal,78,0,0,0.00
Ron Artest,lal,78,0,0,0.00
Marc Gasol,mem,77,33,2541,0.64
Mike Conley,mem,77,32,2464,0.62
Zach Randolph,mem,77,32,2464,0.62
Courtney Lee,mem,78,28,2184,0.55
Jeff Green,mem,78,28,2184,0.55
Tony Allen,mem,75,24,1800,0.45
Matt Barnes,mem,77,18,1386,0.35
Beno Udrih,mem,77,18,1386,0.35
Brandan Wright,mem,76,18,1368,0.35
Vince Carter,mem,78,9,702,0.18
Jordan Adams,mem,78,5,390,0.10
Russ Smith,mem,78,5,390,0.10
JaMychal Green,mem,78,5,390,0.10
Jarnell Stokes,mem,78,0,0,0.00
Ryan Hollins,mem,78,0,0,0.00
Jarell Martin,mem,68,0,0,0.00
Andrew Harrison,mem,78,0,0,0.00
Lazeric Jones,mem,78,0,0,0.00
Yakhouba Diawara,mem,78,0,0,0.00
Goran Dragic,mia,78,35,2730,0.69
Chris Bosh,mia,74,34,2516,0.64
Luol Deng,mia,76,32,2432,0.61
Dwyane Wade,mia,73,30,2190,0.55
Hassan Whiteside,mia,78,28,2184,0.55
Mario Chalmers,mia,78,18,1404,0.35
Justise Winslow,mia,78,15,1170,0.30
Gerald Green,mia,78,15,1170,0.30
Josh McRoberts,mia,71,16,1136,0.29
Amare Stoudemire,mia,66,15,990,0.25
Udonis Haslem,mia,78,8,624,0.16
Josh Richardson,mia,78,5,390,0.10
Tyler Johnson,mia,78,5,390,0.10
Chris Andersen,mia,77,5,385,0.10
John Lucas III,mia,78,0,0,0.00
Greg Whittington,mia,78,0,0,0.00
James Ennis,mia,78,0,0,0.00
Keith Benson,mia,78,0,0,0.00
Corey Hawkins,mia,78,0,0,0.00
Tre Kelley,mia,78,0,0,0.00
Greg Monroe,mil,78,32,2496,0.63
Khris Middleton,mil,78,32,2496,0.63
Giannis Antetokounmpo,mil,77,32,2464,0.62
Michael Carter-Williams,mil,77,30,2310,0.58
Jabari Parker,mil,73,28,2044,0.52
Greivis Vasquez,mil,78,24,1872,0.47
John Henson,mil,77,20,1540,0.39
O.J. Mayo,mil,76,15,1140,0.29
Jerryd Bayless,mil,78,10,780,0.20
Miles Plumlee,mil,78,8,624,0.16
Rashad Vaughn,mil,78,5,390,0.10
Chris Copeland,mil,78,5,390,0.10
Tyler Ennis,mil,78,5,390,0.10
Johnny O'Bryant,mil,77,5,385,0.10
Damien Inglis,mil,67,5,335,0.08
Jorge Gutierrez,mil,78,0,0,0.00
Marcus Landry,mil,78,0,0,0.00
Josh Powell,mil,78,0,0,0.00
Andrew Wiggins,min,78,36,2808,0.71
Karl-Anthony Towns,min,78,28,2184,0.55
Ricky Rubio,min,68,32,2176,0.55
Zach LaVine,min,78,24,1872,0.47
Kevin Martin,min,72,24,1728,0.44
Gorgui Dieng,min,78,20,1560,0.39
Kevin Garnett,min,71,18,1278,0.32
Nikola Pekovic,min,62,20,1240,0.31
Nemanja Bjelica,min,78,15,1170,0.30
Shabazz Muhammad,min,73,16,1168,0.29
Andre Miller,min,78,12,936,0.24
Adreian Payne,min,78,12,936,0.24
Tyus Jones,min,78,8,624,0.16
Tayshaun Prince,min,78,0,0,0.00
Damjan Rudez,min,78,0,0,0.00
Lorenzo Brown,min,78,0,0,0.00
Nick Wiggins,min,78,0,0,0.00
Anthony Davis,nop,74,36,2664,0.67
Tyreke Evans,nop,77,34,2618,0.66
Eric Gordon,nop,68,32,2176,0.55
Omer Asik,nop,76,25,1900,0.48
Ryan Anderson,nop,67,24,1608,0.41
Jrue Holiday,nop,64,25,1600,0.40
Norris Cole,nop,73,20,1460,0.37
Quincy Pondexter,nop,57,25,1425,0.36
Dante Cunningham,nop,78,18,1404,0.35
Alexis Ajinca,nop,73,15,1095,0.28
Luke Babbitt,nop,78,8,624,0.16
Alonzo Gee,nop,78,8,624,0.16
Kendrick Perkins,nop,77,6,462,0.12
Jerome Jordan,nop,78,0,0,0.00
Jeff Adrien,nop,78,0,0,0.00
Chris Douglas-Roberts,nop,78,0,0,0.00
Sean Kilpatrick,nop,78,0,0,0.00
Bryce DeJean-Jones,nop,78,0,0,0.00
Jose Calderon,nyk,60,20,1200,0.30
Jerian Grant,nyk,78,24,1872,0.47
Langston Galloway,nyk,78,30,2340,0.59
Arron Afflalo,nyk,72,28,2016,0.51
Sasha Vujacic,nyk,55,12,660,0.17
Carmelo Anthony,nyk,72,33,2376,0.60
Derrick Williams,nyk,72,24,1728,0.44
Cleanthony Early,nyk,72,16,1152,0.29
Kristaps Porzingis,nyk,65,23,1495,0.38
Kyle O'Quinn,nyk,77,24,1848,0.47
Lance Thomas,nyk,60,0,0,0.00
Robin Lopez,nyk,72,28,2016,0.51
Kevin Seraphin,nyk,60,12,720,0.18
Louis Amundson,nyk,78,5,390,0.10
Kevin Durant,okc,73,36,2628,0.66
Serge Ibaka,okc,77,33,2541,0.64
Russell Westbrook,okc,74,34,2516,0.64
Enes Kanter,okc,77,28,2156,0.54
Steven Adams,okc,78,25,1950,0.49
Anthony Morrow,okc,77,20,1540,0.39
Dion Waiters,okc,76,20,1520,0.38
D.J. Augustin,okc,78,18,1404,0.35
Andre Roberson,okc,78,16,1248,0.32
Kyle Singler,okc,78,15,1170,0.30
Nick Collison,okc,78,5,390,0.10
Mitch McGary,okc,75,5,375,0.09
Cameron Payne,okc,78,3,234,0.06
Dezmine Wells,okc,78,0,0,0.00
Talib Zanna,okc,78,0,0,0.00
Josh Huestis,okc,78,0,0,0.00
Steve Novak,okc,78,0,0,0.00
Dakari Johnson,okc,78,0,0,0.00
Semaj Christon,okc,78,0,0,0.00
Michael Qualls,okc,78,0,0,0.00
Victor Oladipo,orl,78,34,2652,0.67
Nikola Vucevic,orl,76,34,2584,0.65
Tobias Harris,orl,75,34,2550,0.64
Elfrid Payton,orl,78,32,2496,0.63
Aaron Gordon,orl,76,25,1900,0.48
Channing Frye,orl,67,24,1608,0.41
Evan Fournier,orl,77,16,1232,0.31
DeWayne Dedmon,orl,78,15,1170,0.30
C.J. Watson,orl,75,15,1125,0.28
Mario Hezonja,orl,78,12,936,0.24
Jason Smith,orl,67,10,670,0.17
Shabazz Napier,orl,78,5,390,0.10
Andrew Nicholson,orl,78,5,390,0.10
Jordan Sibert,orl,78,0,0,0.00
Greg Stiemsma,orl,77,0,0,0.00
Devyn Marble,orl,76,0,0,0.00
Tyler Harvey,orl,78,0,0,0.00
Melvin Ejim,orl,78,0,0,0.00
Keith Appling,orl,78,0,0,0.00
Nnanna Egwu,orl,78,0,0,0.00
Jahlil Okafor,phi,78,30,2340,0.59
Robert Covington,phi,78,28,2184,0.55
Nerlens Noel,phi,65,32,2080,0.53
Hollis Thompson,phi,78,24,1872,0.47
Nik Stauskas,phi,78,20,1560,0.39
Jerami Grant,phi,78,20,1560,0.39
Isaiah Canaan,phi,78,20,1560,0.39
Kendall Marshall,phi,66,20,1320,0.33
Tony Wroten,phi,62,20,1240,0.31
JaKarr Sampson,phi,78,13,1014,0.26
Richaun Holmes,phi,78,10,780,0.20
Furkan Aldemir,phi,78,10,780,0.20
Carl Landry,phi,70,10,700,0.18
Scottie Wilbekin,phi,78,3,234,0.06
T.J. McConnell,phi,78,3,234,0.06
Pierre Jackson,phi,67,3,201,0.05
Jordan McRae,phi,78,0,0,0.00
Joel Embiid,phi,67,0,0,0.00
J.P. Tokoto,phi,78,0,0,0.00
Christian Wood,phi,78,0,0,0.00
Eric Bledsoe,phx,75,34,2550,0.64
Brandon Knight,phx,77,32,2464,0.62
Markieff Morris,phx,78,30,2340,0.59
P.J. Tucker,phx,78,30,2340,0.59
Tyson Chandler,phx,74,30,2220,0.56
Alex Len,phx,75,22,1650,0.42
Mirza Teletovic,phx,75,20,1500,0.38
T.J. Warren,phx,78,15,1170,0.30
Archie Goodwin,phx,78,12,936,0.24
Devin Booker,phx,78,10,780,0.20
Sonny Weems,phx,78,10,780,0.20
Ronnie Price,phx,74,8,592,0.15
Jon Leuer,phx,78,5,390,0.10
Henry Sims,phx,78,0,0,0.00
Cory Jefferson,phx,78,0,0,0.00
Damian Lillard,por,78,36,2808,0.71
C.J. McCollum,por,74,28,2072,0.52
Meyers Leonard,por,77,25,1925,0.49
Ed Davis,por,78,24,1872,0.47
Al-Farouq Aminu,por,78,24,1872,0.47
Mason Plumlee,por,78,24,1872,0.47
Gerald Henderson Jr.,por,77,24,1848,0.47
Noah Vonleh,por,78,18,1404,0.35
Maurice Harkless,por,78,15,1170,0.30
Allen Crabbe,por,78,12,936,0.24
Phil Pressey,por,78,10,780,0.20
Chris Kaman,por,76,10,760,0.19
Pat Connaughton,por,78,5,390,0.10
Tim Frazier,por,78,0,0,0.00
Cliff Alexander,por,78,0,0,0.00
Daniel Diez,por,78,0,0,0.00
Omari Johnson,por,78,0,0,0.00
Rudy Gay,sac,77,35,2695,0.68
DeMarcus Cousins,sac,76,34,2584,0.65
Ben McLemore,sac,78,28,2184,0.55
Rajon Rondo,sac,65,30,1950,0.49
Darren Collison,sac,75,25,1875,0.47
Willie Cauley-Stein,sac,78,22,1716,0.43
Kosta Koufos,sac,78,22,1716,0.43
Marco Belinelli,sac,77,20,1540,0.39
Omri Casspi,sac,77,15,1155,0.29
Quincy Acy,sac,78,10,780,0.20
James Anderson,sac,78,9,702,0.18
Seth Curry,sac,78,5,390,0.10
Caron Butler,sac,77,5,385,0.10
Vince Hunter,sac,78,0,0,0.00
Marshall Henderson,sac,78,0,0,0.00
Eric Moreland,sac,74,0,0,0.00
Duje Dukan,sac,78,0,0,0.00
David Stockton,sac,78,0,0,0.00
Luka Mitrovic,sac,78,0,0,0.00
Arturas Gudaitis,sac,78,0,0,0.00
Alex Oriakhi,sac,78,0,0,0.00
LaMarcus Aldridge,sas,76,32,2432,0.61
Kawhi Leonard,sas,72,32,2304,0.58
Daniel Green,sas,78,29,2262,0.57
Tim Duncan,sas,77,28,2156,0.54
Tony Parker,sas,75,27,2025,0.51
Patrick Mills,sas,76,22,1672,0.42
Boris Diaw,sas,78,20,1560,0.39
Manu Ginobili,sas,74,20,1480,0.37
David West,sas,77,15,1155,0.29
Kyle Anderson,sas,78,11,858,0.22
Boban Marjanovic,sas,78,5,390,0.10
Jonathon Simmons,sas,78,5,390,0.10
Ray McCallum,sas,78,5,390,0.10
Rasual Butler,sas,78,5,390,0.10
Matt Bonner,sas,77,3,231,0.06
Jimmer Fredette,sas,78,0,0,0.00
Reggie Williams,sas,78,0,0,0.00
Nikola Milutinov,sas,78,0,0,0.00
Cady Lalanne,sas,78,0,0,0.00
Keifer Sykes,sas,78,0,0,0.00
Youssou Ndoye,sas,78,0,0,0.00
Deshaun Thomas,sas,78,0,0,0.00
Kyle Lowry,tor,77,34,2618,0.66
DeMar Derozan,tor,77,34,2618,0.66
DeMarre Carroll,tor,77,32,2464,0.62
Jonas Valanciunas,tor,77,28,2156,0.54
Patrick Patterson,tor,77,25,1925,0.49
Terrence Ross,tor,78,24,1872,0.47
Cory Joseph,tor,78,20,1560,0.39
Bismack Biyombo,tor,78,18,1404,0.35
Luis Scola,tor,78,15,1170,0.30
James Johnson,tor,78,10,780,0.20
Bruno Cabolco,tor,78,5,390,0.10
Norman Powell,tor,78,5,390,0.10
Anthony Bennett,tor,75,5,375,0.09
Delon Wright,tor,78,4,312,0.08
Lucas Nogueira,tor,78,0,0,0.00
Ronald Roberts Jr.,tor,78,0,0,0.00
Axel Toupane,tor,78,0,0,0.00
Michale Kyser,tor,78,0,0,0.00
Shannon Scott,tor,78,0,0,0.00
Gordon Hayward,uta,77,34,2618,0.66
Rudy Gobert,uta,78,32,2496,0.63
Derrick Favors,uta,77,31,2387,0.60
Alec Burks,uta,72,30,2160,0.55
Trey Burke,uta,77,28,2156,0.54
Rodney Hood,uta,76,25,1900,0.48
Trevor Booker,uta,75,20,1500,0.38
Raul Neto,uta,78,18,1404,0.35
Tibor Pleiss,uta,78,12,936,0.24
Joe Ingles,uta,78,12,936,0.24
Trey Lyles,uta,78,5,390,0.10
Bryce Cotton,uta,78,5,390,0.10
Elijah Millsap,uta,78,5,390,0.10
Christapher Johnson,uta,78,0,0,0.00
Jeff Withey,uta,78,0,0,0.00
Dante Exum,uta,0,0,0,0.00
Grant Jerrett,uta,78,0,0,0.00
Jack Cooley,uta,78,0,0,0.00
Olivier Hanlan,uta,78,0,0,0.00
Treveon Graham,uta,78,0,0,0.00
J.J. O'Brien,uta,78,0,0,0.00
John Wall,was,76,36,2736,0.69
Bradley Beal,was,73,33,2409,0.61
Marcin Gortat,was,77,30,2310,0.58
Otto Porter,was,77,28,2156,0.54
Nenê Hilario,was,72,24,1728,0.44
Jared Dudley,was,78,18,1404,0.35
Kris Humphries,was,76,20,1520,0.38
Drew Gooden,was,78,15,1170,0.30
Ramon Sessions,was,76,15,1140,0.29
Alan Anderson,was,68,8,544,0.14
Gary Neal,was,76,12,912,0.23
Kelly Oubre,was,78,6,468,0.12
DeJuan Blair,was,78,5,390,0.10
Garrett Temple,was,77,5,385,0.10
Martell Webster,was,76,5,380,0.10
Ishmael Smith,was,78,0,0,0.00
Toure' Murry,was,78,0,0,0.00
Aaron White,was,78,0,0,0.00
Jaleel Roberts,was,78,0,0,0.00
Jaron Johnson,was,78,0,0,0.00
Josh Harrellson,was,78,0,0,0.00